43.21,257733
43.11,237250
42.98,245191
42.92,278827
42.88,233694
42.83,248790
42.59,173785
42.53,224806
42.51,185778
42.48,173438
42.48,110781
42.45,191723
42.44,196580
42.26,201140
42.26,194719
42.05,191827
41.96,170745
41.8,165464
41.78,170774
41.72,124570
41.71,161796
41.7,128832
41.66,153168
41.65,150008
41.61,149751
41.61,137921
41.55,134948
41.5,116190
41.47,128870
41.41,148358
41.39,142369
41.36,113765
41.34,174032
41.34,140863
41.34,132090
41.29,131762
41.25,140756
41.23,158800
41.23,125957
41.19,117348
41.13,123355
41.12,134771
41.07,128874
41.06,146754
41.05,131763
40.88,113461
40.85,126695
40.77,89984
40.67,109014
40.62,107779
40.6,128729
40.59,105029
40.58,104990
40.57,106048
40.53,95792
40.48,127454
40.48,93424
40.44,108278
40.42,89440
40.34,90314
40.33,87010
40.32,91617
40.28,111529
40.25,89756
40.2,88561
40.19,112128
40.19,92802
40.13,87228
40.12,83278
40.11,78916
40.09,79038
40.06,93153
40.06,84068
40.06,80998
40.01,71944
39.96,81816
39.94,77826
39.93,77544
39.85,84063
39.84,64061
39.83,43318
39.81,79026
39.8,75089
39.79,84492
39.77,77563
39.66,61811
39.65,66191
39.58,65231
39.56,75045
39.54,69446
39.49,53819
39.48,66181
39.41,72090
39.37,64591
39.31,57304
39.3,63923
39.27,61485
39.26,63828
39.22,57450
39.21,59325
39.09,56020
39.05,48017
39.02,54174
38.99,56131
38.99,55924
38.96,18239
38.92,54113
38.88,17982
38.79,52370
38.78,46670
38.76,52287
38.72,54695
38.69,49673
38.63,46951
38.6,30279
38.59,48671
38.58,81556
38.58,53873
38.58,48464
38.55,42955
38.5,44816
38.46,30132
38.41,47939
38.34,41116
38.27,28568
38.25,35834
38.19,38605
38.18,38895
38.14,39239
38.1,44866
38.08,37009
38.04,36447
38.03,35410
37.99,37921
37.98,37311
37.97,35336
37.94,33172
37.93,32611
37.92,25157
37.85,35904
37.84,35328
37.84,26265
37.78,20203
37.77,31378
37.74,23603
37.74,20314
37.69,22407
37.62,23832
37.6,21706
37.59,22950
37.59,19080
37.58,20472
37.57,28268
37.56,19125
37.54,32351
37.49,22682
37.43,28074
37.43,19156
37.28,26117
37.26,27068
37.25,25977
37.21,18221
37.21,12185
37.2,18904
37.15,16250
37.11,27136
37.11,14574
37.08,17780
37.08,15002
37.05,19504
37.03,17269
37,11435
36.99,14506
36.97,17384
36.96,17532
36.95,22941
36.92,14451
36.89,16462
36.88,17485
36.87,13302
36.78,14796
36.77,13625
36.74,16653
36.7,13801
36.65,20081
36.65,15080
36.62,10735
36.6,19672
36.59,12531
36.59,11769
36.59,11198
36.58,12712
36.55,11841
36.54,15422
36.54,14970
36.52,12460
36.49,13497
36.49,10948
36.49,8580
36.48,12533
36.47,8711
36.46,15941
36.46,15072
36.43,18910
36.43,13365
36.42,11502
36.41,13621
36.39,12951
36.37,10358
36.36,12078
36.31,13416
36.3,13281
36.29,11091
36.24,1992
36.23,10380
36.22,15987
36.22,10506
36.2,12384
36.2,7823
36.19,11673
36.18,11584
36.18,11258
36.18,11190
36.17,11715
36.15,10374
36.14,10486
36.12,11317
36.11,10698
36.1,13036
36.1,9163
36.09,10607
36.09,9172
36.08,10346
36.08,9138
36.08,7135
36.08,7046
36.06,11844
36.06,11410
36.05,13297
36.05,9735
36.05,9577
36.03,10126
36.02,10914
36.02,8330
36.01,11127
35.99,8985
35.98,10963
35.98,10046
35.98,6002
35.98,4628
35.97,9130
35.97,8743
35.96,10295
35.96,10254
35.96,9105
35.95,11328
35.94,15864
35.94,9696
35.92,10010
35.91,8469
35.91,8352
35.9,9364
35.88,8562
35.87,6691
35.85,10112
35.85,9595
35.85,9212
35.85,8487
35.84,8929
35.84,6639
35.83,8971
35.83,7606
35.82,9716
35.82,9511
35.82,9427
35.81,11336
35.81,10561
35.81,9155
35.79,10314
35.79,8220
35.79,7785
35.77,9255
35.77,9068
35.77,7881
35.77,6648
35.76,10011
35.76,8275
35.75,11496
35.74,10072
35.74,9327
35.74,8513
35.7,8846
35.7,8396
35.69,6929
35.67,13749
35.67,9884
35.67,9405
35.67,9001
35.67,7895
35.66,6802
35.66,6278
35.65,9493
35.65,8528
35.65,7377
35.65,6808
35.65,5440
35.64,8328
35.63,9474
35.63,9458
35.63,9108
35.63,8359
35.63,6417
35.62,8462
35.6,8144
35.6,6831
35.6,4999
35.58,11693
35.57,9367
35.57,7565
35.56,7886
35.56,7533
35.55,9786
35.55,8838
35.54,9352
35.54,7177
35.53,8669
35.53,7143
35.53,6968
35.52,9234
35.52,8928
35.52,8456
35.52,8143
35.52,8118
35.52,7054
35.51,8980
35.51,6914
35.49,6915
35.48,10132
35.48,9192
35.47,8643
35.47,6660
35.46,9478
35.46,8956
35.46,8412
35.46,8128
35.45,8868
35.45,8100
35.45,7089
35.44,9813
35.44,9042
35.44,8075
35.44,7134
35.44,5786
35.43,7130
35.43,6241
35.43,6132
35.42,8883
35.42,7746
35.42,7246
35.41,8081
35.41,7909
35.4,7459
35.4,6161
35.4,5605
35.39,7484
35.39,7275
35.38,10902
35.38,9937
35.38,8968
35.38,6929
35.38,6374
35.37,8275
35.37,6825
35.37,3746
35.36,6108
35.35,8633
35.35,7554
35.34,9131
35.34,7662
35.34,6433
35.33,7535
35.33,7524
35.33,7367
35.32,7973
35.32,7588
35.32,7291
35.32,6810
35.32,6658
35.31,7318
35.31,5918
35.3,9478
35.3,8074
35.3,7285
35.3,7063
35.29,8203
35.29,7619
35.29,7103
35.28,8188
35.28,7223
35.28,5703
35.27,8216
35.27,7131
35.27,6503
35.26,8193
35.26,7750
35.26,7372
35.25,7658
35.25,7373
35.24,8822
35.24,8127
35.24,7721
35.24,7580
35.24,7140
35.24,6045
35.23,8437
35.23,7300
35.23,7043
35.23,6268
35.23,5655
35.22,7531
35.22,6554
35.21,9138
35.21,8200
35.21,7350
35.21,7343
35.21,7286
35.21,5751
35.21,5679
35.2,6385
35.2,5572
35.19,12575
35.19,7994
35.19,7623
35.19,7429
35.19,6685
35.19,6418
35.19,5983
35.19,4930
35.18,8022
35.18,6820
35.18,6210
35.18,5889
35.17,7447
35.17,7255
35.17,6882
35.16,9578
35.16,8386
35.16,6891
35.15,7986
35.15,7800
35.15,6839
35.15,6031
35.14,6940
35.14,5942
35.14,5588
35.13,8294
35.13,7304
35.13,7283
35.12,7258
35.12,7126
35.12,4982
35.11,9899
35.11,7167
35.11,7160
35.11,6866
35.11,6586
35.1,9477
35.1,6126
35.1,4025
35.09,8096
35.09,7786
35.09,7514
35.09,7222
35.09,7180
35.09,7018
35.08,8805
35.08,7752
35.08,7500
35.08,6960
35.08,6859
35.08,6587
35.08,6192
35.08,5462
35.07,9384
35.07,7965
35.07,7715
35.07,6362
35.07,5625
35.06,10822
35.06,7612
35.06,6460
35.06,5666
35.05,8275
35.05,6718
35.05,6332
35.05,6251
35.05,5908
35.05,5430
35.05,4674
35.04,6910
35.04,6023
35.04,6009
35.04,5805
35.04,5464
35.03,7794
35.03,7428
35.03,7072
35.03,6268
35.03,6249
35.03,6046
35.02,7688
35.02,7644
35.02,7461
35.02,7318
35.02,6830
35.02,5934
35.01,7517
35.01,4773
35,9761
35,7096
35,6851
35,5478
34.99,7292
34.99,7290
34.99,7134
34.99,3694
34.98,7600
34.98,7021
34.98,6401
34.98,6152
34.98,5917
34.97,6316
34.97,5229
34.96,7952
34.96,7681
34.96,6777
34.96,6210
34.96,5428
34.96,5230
34.96,4406
34.95,7664
34.95,7592
34.95,7182
34.95,6952
34.95,6634
34.95,6164
34.95,5019
34.94,7322
34.94,6983
34.94,6153
34.94,6136
34.93,5209
34.93,2682
34.92,6701
34.92,5748
34.91,7252
34.91,6819
34.91,6770
34.91,4903
34.9,6430
34.9,6430
34.9,6296
34.9,5485
34.9,5100
34.89,7309
34.89,7067
34.89,6029
34.89,5698
34.89,4144
34.88,7790
34.88,7283
34.88,6661
34.87,7870
34.87,6755
34.87,6062
34.87,5919
34.87,5792
34.87,4644
34.86,6984
34.86,6782
34.85,8665
34.85,7659
34.85,7033
34.85,5817
34.84,5010
34.83,7910
34.83,7792
34.83,5106
34.83,4524
34.82,6165
34.82,6024
34.82,5862
34.82,5509
34.82,4965
34.81,6683
34.81,6457
34.81,6065
34.8,6763
34.8,5940
34.8,5729
34.8,4272
34.8,4239
34.79,8543
34.79,6483
34.79,6298
34.78,7412
34.78,6826
34.78,5649
34.78,5032
34.78,4418
34.77,6824
34.77,6817
34.77,6174
34.77,5996
34.77,5758
34.77,5515
34.76,6715
34.76,5960
34.75,5639
34.75,5511
34.74,6146
34.74,6134
34.74,5637
34.73,9434
34.73,6825
34.73,5602
34.73,5267
34.73,4519
34.73,4384
34.73,3931
34.72,14906
34.72,6069
34.72,5577
34.72,5348
34.72,3447
34.71,8165
34.71,6174
34.71,5896
34.71,5835
34.71,5752
34.71,4376
34.7,6946
34.7,6840
34.7,4893
34.7,4495
34.68,6932
34.68,6394
34.68,6212
34.67,6204
34.67,5971
34.67,5930
34.66,5714
34.66,5574
34.65,8105
34.65,7243
34.65,5917
34.65,5495
34.64,5074
34.63,7314
34.63,4704
34.63,4360
34.62,8594
34.62,7115
34.62,6706
34.62,5861
34.62,5235
34.62,4799
34.61,6714
34.61,6586
34.61,6195
34.61,6147
34.61,5451
34.61,5367
34.61,4931
34.61,4468
34.61,3943
34.61,3766
34.6,8581
34.6,6694
34.6,6161
34.6,5720
34.6,4252
34.59,7539
34.59,7520
34.59,5853
34.59,5725
34.58,5245
34.58,4635
34.58,4542
34.57,8190
34.57,5162
34.56,5398
34.56,5328
34.56,4989
34.56,4844
34.56,4137
34.55,4841
34.55,4654
34.54,6106
34.54,6007
34.54,5948
34.54,5723
34.53,6746
34.53,6538
34.53,6422
34.53,5928
34.53,5512
34.53,5416
34.53,5255
34.53,3346
34.53,2742
34.52,7621
34.52,5284
34.51,7407
34.51,5500
34.51,5356
34.51,4875
34.51,4277
34.51,3908
34.5,5869
34.49,4060
34.49,3674
34.48,6383
34.48,6134
34.48,5360
34.48,5014
34.48,4863
34.48,4294
34.48,4284
34.48,2756
34.47,7088
34.47,6094
34.47,5776
34.47,5040
34.47,4771
34.46,6708
34.46,6371
34.46,6064
34.46,5365
34.46,5009
34.46,4950
34.46,4931
34.46,4925
34.46,4758
34.45,5900
34.45,5746
34.45,5570
34.45,4948
34.45,4773
34.45,3524
34.44,5986
34.44,5715
34.44,5686
34.44,5429
34.44,5244
34.44,5092
34.44,5042
34.44,4878
34.43,7762
34.43,6475
34.43,4983
34.43,3214
34.42,7654
34.42,6465
34.42,5333
34.42,4709
34.41,8420
34.41,5360
34.41,5160
34.41,4717
34.4,6858
34.4,6068
34.4,5778
34.4,5247
34.4,5070
34.4,5015
34.39,7933
34.39,5694
34.39,5527
34.39,5459
34.39,5049
34.39,4163
34.39,3418
34.38,4356
34.38,4250
34.38,3752
34.38,2981
34.37,6330
34.37,5429
34.37,4602
34.37,3888
34.37,3863
34.36,6739
34.36,6567
34.36,5416
34.36,5193
34.36,5135
34.36,4790
34.36,4547
34.36,4248
34.35,5340
34.35,5175
34.35,4660
34.35,4478
34.35,4337
34.35,4245
34.34,5863
34.34,5758
34.34,5664
34.34,5653
34.34,5338
34.34,5210
34.34,4981
34.33,8182
34.33,5558
34.33,5434
34.33,5375
34.33,5285
34.33,4867
34.32,5948
34.32,5767
34.32,5288
34.32,4959
34.32,4906
34.32,4441
34.31,5637
34.31,5502
34.31,4722
34.31,1773
34.3,5294
34.3,5290
34.3,4675
34.3,4571
34.3,3751
34.3,3192
34.29,6222
34.29,6073
34.29,5318
34.29,4384
34.28,5582
34.28,4932
34.28,4323
34.28,3636
34.27,7194
34.27,5854
34.27,5050
34.27,4996
34.27,2807
34.26,60030
34.26,6035
34.26,5045
34.26,4900
34.26,4894
34.25,5241
34.25,5068
34.24,8224
34.24,7642
34.24,4830
34.24,4424
34.24,3913
34.24,3686
34.23,6988
34.23,6903
34.23,5077
34.23,5048
34.23,4829
34.23,3251
34.22,6274
34.22,5386
34.22,4930
34.22,4857
34.22,4412
34.22,4344
34.21,5307
34.21,5261
34.21,5161
34.21,4720
34.21,4582
34.21,2256
34.2,7289
34.2,5934
34.2,5014
34.2,4593
34.2,4550
34.2,4494
34.2,4294
34.19,5389
34.19,5316
34.19,4694
34.19,4570
34.19,3902
34.18,5126
34.18,4941
34.18,3585
34.18,3439
34.17,5962
34.17,5855
34.17,5684
34.17,5600
34.17,4940
34.17,4883
34.17,4686
34.17,3370
34.16,7883
34.16,5040
34.16,4779
34.16,4219
34.16,2702
34.15,7529
34.15,4864
34.15,4690
34.15,4642
34.15,4122
34.15,3183
34.15,2813
34.14,6352
34.14,5439
34.14,4388
34.14,2546
34.13,7350
34.13,6933
34.13,4887
34.13,4763
34.13,4358
34.13,4225
34.13,4189
34.13,3764
34.13,2658
34.12,5166
34.12,5109
34.12,4843
34.12,4583
34.12,4180
34.12,2634
34.12,2426
34.11,4529
34.11,4513
34.11,3278
34.1,5206
34.1,4813
34.1,4168
34.1,2646
34.1,2304
34.09,6613
34.09,5591
34.09,5432
34.09,4843
34.08,5027
34.08,4160
34.07,6979
34.07,5208
34.07,4987
34.07,4736
34.07,4594
34.07,4333
34.07,4194
34.07,2541
34.06,5163
34.06,4432
34.05,8210
34.05,5462
34.05,4500
34.05,4453
34.05,4184
34.05,3897
34.04,5340
34.04,5270
34.04,5250
34.04,5092
34.04,4766
34.04,4491
34.04,4489
34.04,4386
34.04,4190
34.04,4163
34.03,6133
34.03,4840
34.03,4825
34.03,4689
34.03,4441
34.03,4010
34.03,3158
34.03,2530
34.02,5405
34.02,5033
34.02,4942
34.02,4917
34.02,3734
34.01,8244
34.01,5866
34.01,3648
34.01,3258
34,5485
34,4861
34,4724
34,4523
34,4495
33.99,6919
33.99,5720
33.99,5505
33.99,5271
33.99,4959
33.99,4417
33.99,4285
33.99,4161
33.98,4895
33.98,4230
33.97,5584
33.97,4758
33.97,4650
33.97,4635
33.97,3908
33.97,3863
33.97,2855
33.96,5406
33.96,4804
33.96,3919
33.96,3252
33.95,4951
33.95,4301
33.95,4210
33.95,3430
33.94,6915
33.94,5903
33.94,5315
33.94,4880
33.94,4846
33.94,4341
33.93,8403
33.93,5429
33.93,4215
33.93,3920
33.92,5335
33.92,4526
33.91,6425
33.91,6133
33.91,4905
33.91,4661
33.91,4580
33.91,4371
33.9,4398
33.9,2878
33.89,5423
33.89,4542
33.89,3349
33.88,7104
33.88,5477
33.88,4678
33.88,4634
33.88,4283
33.88,4104
33.88,4008
33.88,3232
33.87,5330
33.87,4640
33.87,4387
33.87,2016
33.86,4958
33.86,4566
33.86,4479
33.86,3947
33.86,2656
33.85,8122
33.85,5731
33.85,4782
33.85,4770
33.85,4703
33.85,4179
33.85,3607
33.85,2601
33.84,3567
33.84,3531
33.84,1972
33.83,4377
33.83,4025
33.83,79
33.82,4593
33.82,4405
33.82,4397
33.82,4050
33.82,3024
33.82,2502
33.82,2321
33.81,8013
33.81,7623
33.81,3990
33.81,3920
33.81,3676
33.81,2510
33.8,5834
33.8,4732
33.8,4687
33.8,4411
33.8,4377
33.8,3966
33.8,3131
33.8,3040
33.8,1642
33.79,5643
33.79,5182
33.79,4219
33.78,6496
33.78,5448
33.78,4939
33.78,4593
33.78,4363
33.78,4192
33.78,3630
33.78,3503
33.78,2393
33.77,5896
33.77,4799
33.77,4480
33.77,3395
33.77,1811
33.77,1617
33.76,5600
33.76,5592
33.76,4991
33.76,4697
33.76,4025
33.76,3078
33.76,2470
33.76,2418
33.75,4638
33.75,4285
33.75,3129
33.75,2695
33.75,1110
33.74,5737
33.74,5336
33.74,5308
33.74,4766
33.74,4669
33.74,4066
33.74,2805
33.73,4632
33.73,4480
33.73,3855
33.73,3113
33.73,2682
33.73,2248
33.72,5101
33.72,4281
33.72,3989
33.72,2897
33.71,4477
33.71,4412
33.71,4368
33.71,3954
33.71,3840
33.71,3261
33.71,2462
33.7,6517
33.7,5536
33.7,5454
33.7,5225
33.7,5049
33.7,4327
33.7,3619
33.69,5622
33.69,5521
33.69,3905
33.69,3051
33.69,2331
33.68,7157
33.67,4663
33.67,2613
33.66,4617
33.66,4374
33.66,4233
33.66,3886
33.66,3760
33.66,2564
33.66,2021
33.65,4462
33.65,4358
33.65,4266
33.65,2620
33.64,5527
33.64,4175
33.64,3586
33.64,3283
33.64,3100
33.64,2198
33.63,6151
33.63,4226
33.63,4116
33.63,4106
33.63,3603
33.62,4986
33.62,2667
33.62,2110
33.62,1301
33.61,4314
33.61,3942
33.61,3417
33.61,3284
33.6,4787
33.6,4637
33.6,3919
33.6,3912
33.59,3691
33.59,3561
33.59,2240
33.58,4654
33.58,3642
33.58,3377
33.58,2979
33.58,2635
33.57,4742
33.57,2692
33.57,2539
33.57,1786
33.56,6712
33.56,4438
33.56,4177
33.56,3041
33.56,2790
33.56,2535
33.56,2502
33.56,2490
33.56,1783
33.55,7430
33.55,6058
33.55,4728
33.55,3682
33.55,3146
33.55,3061
33.55,2966
33.54,6297
33.54,3844
33.54,3465
33.54,2975
33.53,7566
33.53,4385
33.53,4238
33.53,4029
33.53,3035
33.53,3029
33.53,2699
33.53,1468
33.52,4538
33.52,2868
33.52,2522
33.51,4025
33.51,2961
33.51,2204
33.51,1361
33.51,1311
33.5,6331
33.5,4164
33.5,3789
33.5,3433
33.5,3048
33.49,5287
33.49,4522
33.49,4241
33.49,3755
33.49,2426
33.48,5851
33.48,4570
33.48,4089
33.48,4052
33.48,3732
33.48,3385
33.48,2937
33.48,2759
33.48,2401
33.48,2332
33.47,8260
33.47,5800
33.47,3893
33.47,3728
33.47,3472
33.47,3260
33.47,3014
33.47,2725
33.46,4982
33.46,4974
33.46,3308
33.46,2200
33.46,2140
33.45,4560
33.45,4341
33.45,3340
33.45,3060
33.45,2983
33.45,2879
33.45,2672
33.45,2176
33.44,5099
33.44,4500
33.44,4274
33.44,3094
33.44,2714
33.44,2448
33.44,2266
33.43,6601
33.43,4986
33.43,3944
33.43,3070
33.43,2478
33.42,3409
33.42,3109
33.42,2597
33.41,2501
33.4,5372
33.4,4546
33.4,4475
33.4,2793
33.4,1989
33.39,3623
33.39,2504
33.38,5218
33.38,4764
33.38,3942
33.38,3347
33.38,2988
33.38,2894
33.37,7644
33.37,4564
33.37,3172
33.37,3076
33.37,2942
33.37,2679
33.37,2516
33.37,2445
33.36,4213
33.36,3713
33.36,3111
33.36,2711
33.36,2617
33.35,7788
33.35,5275
33.35,3834
33.35,2952
33.35,2897
33.35,2781
33.35,2500
33.35,2364
33.34,3868
33.34,2660
33.33,4354
33.33,4337
33.33,4032
33.33,3277
33.33,2704
33.33,2617
33.32,4545
33.32,3751
33.32,1471
33.31,3398
33.31,3328
33.31,2691
33.3,5030
33.3,4626
33.3,4211
33.3,2220
33.3,1198
33.29,3676
33.29,3110
33.29,3070
33.29,2321
33.29,2001
33.29,1984
33.28,5717
33.28,3445
33.28,3073
33.28,2916
33.28,2849
33.28,2813
33.28,2797
33.28,2793
33.28,2741
33.28,2702
33.28,2594
33.27,3646
33.27,3472
33.27,2719
33.27,2526
33.27,2508
33.27,2421
33.26,9128
33.26,3680
33.26,3678
33.26,3580
33.26,3293
33.26,3195
33.26,3171
33.26,3149
33.26,3074
33.26,2314
33.25,3506
33.25,2850
33.25,2825
33.25,2591
33.25,2313
33.25,2308
33.25,-221
33.24,4364
33.24,3963
33.24,2956
33.24,2884
33.24,1832
33.24,1761
33.23,4586
33.23,4222
33.23,3666
33.23,3630
33.23,3567
33.23,3551
33.23,3274
33.23,2910
33.23,2598
33.23,2254
33.23,2155
33.23,1976
33.23,898
33.22,7776
33.22,3638
33.22,3552
33.22,3156
33.22,3016
33.22,2620
33.22,2026
33.21,3860
33.21,2933
33.21,2792
33.21,2752
33.21,2690
33.21,2491
33.21,2357
33.21,2028
33.2,6010
33.2,5127
33.2,4039
33.2,3975
33.2,3769
33.2,3709
33.2,3234
33.2,2847
33.2,2823
33.2,2790
33.2,2693
33.2,984
33.19,4839
33.19,3427
33.19,2834
33.19,2541
33.19,2360
33.19,1945
33.19,1221
33.18,3638
33.18,3246
33.18,3135
33.18,3110
33.17,3672
33.17,3079
33.17,2944
33.17,2861
33.17,2514
33.17,1586
33.16,4498
33.16,2946
33.16,2709
33.16,2429
33.16,2295
33.15,4212
33.15,3777
33.15,3300
33.15,2714
33.15,2598
33.15,2535
33.15,2287
33.15,2160
33.14,3318
33.14,2987
33.14,2925
33.14,2383
33.14,2343
33.14,1952
33.13,4801
33.13,3201
33.13,2803
33.13,2730
33.13,2577
33.13,2438
33.13,2324
33.13,1999
33.13,1611
33.13,711
33.12,3873
33.12,2992
33.12,2731
33.12,2492
33.12,2373
33.12,2367
33.12,1949
33.12,1793
33.11,5524
33.11,2943
33.11,2801
33.11,2669
33.11,2666
33.11,2644
33.11,2341
33.11,2282
33.11,2011
33.11,1968
33.1,6952
33.1,4073
33.1,3223
33.1,2910
33.1,2848
33.1,2628
33.1,2559
33.1,2530
33.1,2222
33.1,1865
33.09,4950
33.09,2548
33.09,2415
33.09,2332
33.08,4677
33.08,4560
33.08,3123
33.08,3087
33.08,2750
33.08,2566
33.08,2500
33.08,2472
33.08,2449
33.07,4913
33.07,3992
33.07,2876
33.07,2682
33.07,2673
33.07,2534
33.07,2262
33.07,2010
33.06,3897
33.06,3791
33.06,3443
33.06,2914
33.06,2619
33.06,2173
33.06,1915
33.05,7450
33.05,6295
33.05,2820
33.05,2688
33.05,2680
33.05,1599
33.05,1544
33.05,1095
33.04,3670
33.04,2910
33.04,2359
33.04,2099
33.04,1641
33.03,2628
33.03,2444
33.03,2276
33.03,1616
33.02,6625
33.02,3904
33.02,3650
33.02,3470
33.02,3356
33.02,3199
33.02,2802
33.02,2721
33.02,2646
33.02,2001
33.02,1985
33.02,1735
33.01,3174
33.01,2994
33.01,2887
33.01,2680
33.01,2474
33.01,2417
33,2756
33,2499
33,2356
33,2210
33,2047
33,1992
33,1321
32.99,3538
32.99,3237
32.99,2826
32.99,2696
32.99,2414
32.98,4247
32.98,3189
32.98,3189
32.98,2764
32.98,2627
32.98,2317
32.98,2290
32.98,2210
32.98,805
32.97,3044
32.97,2762
32.97,2670
32.97,2567
32.97,2566
32.97,2163
32.97,1794
32.96,4429
32.96,3636
32.96,2910
32.96,2387
32.96,2372
32.96,1934
32.96,1781
32.95,2817
32.95,2797
32.95,2444
32.95,1890
32.95,1722
32.95,1193
32.94,4473
32.94,2971
32.94,1823
32.94,1518
32.93,3091
32.93,2937
32.93,2934
32.93,2856
32.93,2785
32.93,2783
32.93,2325
32.93,1800
32.92,6144
32.92,3747
32.92,2983
32.92,2839
32.92,2689
32.92,2608
32.92,2401
32.92,2004
32.91,3024
32.91,2726
32.91,2722
32.91,2702
32.91,2611
32.91,2479
32.91,2373
32.91,2327
32.91,2146
32.91,1991
32.91,1648
32.9,3198
32.9,2966
32.9,2820
32.9,2758
32.9,2757
32.9,2672
32.9,2648
32.9,2638
32.9,2612
32.9,2413
32.9,2010
32.9,1955
32.9,1828
32.89,3687
32.89,3070
32.89,2680
32.89,2508
32.89,2450
32.89,2356
32.89,2346
32.89,2282
32.89,2228
32.89,2205
32.89,1503
32.89,1058
32.88,5085
32.88,4114
32.88,3981
32.88,3306
32.88,2993
32.88,2892
32.88,2818
32.88,2810
32.88,2782
32.87,3940
32.87,3274
32.87,3101
32.87,3087
32.87,2869
32.87,2868
32.87,2512
32.87,2483
32.87,2286
32.87,1993
32.87,1979
32.87,999
32.86,3584
32.86,3364
32.86,3228
32.86,2824
32.86,2648
32.86,2586
32.86,2410
32.86,2390
32.86,2316
32.86,2255
32.86,2066
32.86,1925
32.86,1924
32.86,1162
32.85,3418
32.85,3280
32.85,2722
32.85,2552
32.84,3969
32.84,3604
32.84,3312
32.84,3000
32.84,2879
32.84,2769
32.84,2747
32.84,2581
32.84,2548
32.84,1784
32.83,3372
32.83,3175
32.83,3165
32.83,2934
32.83,2893
32.83,2626
32.83,2482
32.83,2415
32.83,2330
32.83,2233
32.83,1998
32.82,3009
32.82,2853
32.82,2818
32.82,2705
32.82,2352
32.82,2193
32.82,2069
32.82,2029
32.82,2027
32.82,1994
32.82,1376
32.82,1313
32.81,5096
32.81,3268
32.81,2820
32.81,2706
32.81,2437
32.81,2412
32.81,2177
32.81,1624
32.8,2691
32.8,2592
32.8,2477
32.8,2285
32.8,1709
32.8,1328
32.8,1253
32.79,2893
32.79,2799
32.79,2744
32.79,2350
32.79,2318
32.79,2020
32.79,1665
32.78,3779
32.78,2994
32.78,2970
32.78,2407
32.78,1561
32.77,3022
32.77,2972
32.77,2881
32.77,2646
32.77,2017
32.77,1903
32.77,1874
32.76,6242
32.76,2910
32.76,2894
32.76,2885
32.76,2631
32.76,2464
32.76,2258
32.76,2057
32.76,2015
32.76,1972
32.76,1373
32.75,2745
32.75,2613
32.75,2588
32.75,2556
32.75,2342
32.75,2317
32.75,2201
32.75,2081
32.75,2014
32.75,1913
32.75,1475
32.75,1337
32.75,740
32.74,4146
32.74,2861
32.74,2776
32.74,2721
32.74,2689
32.74,2570
32.74,2295
32.74,1705
32.73,2877
32.73,2758
32.73,2576
32.73,2554
32.73,2345
32.73,2262
32.73,2093
32.73,1903
32.73,1519
32.73,1191
32.72,2742
32.72,2673
32.72,2487
32.72,2112
32.72,1961
32.71,3748
32.71,3117
32.71,2475
32.71,2352
32.71,2109
32.71,1868
32.71,1858
32.71,1822
32.7,2803
32.7,2769
32.7,2768
32.7,2677
32.7,2650
32.7,2581
32.7,2524
32.7,2459
32.7,2416
32.7,2364
32.7,1965
32.69,2871
32.69,2583
32.69,2180
32.69,2062
32.69,1870
32.69,1296
32.68,3426
32.68,2750
32.68,2702
32.68,2073
32.68,1579
32.68,652
32.67,4143
32.67,3978
32.67,2756
32.67,2705
32.67,2213
32.67,1966
32.67,1857
32.67,1250
32.66,4486
32.66,3187
32.66,2988
32.66,2912
32.66,2805
32.66,2593
32.66,2527
32.66,2225
32.66,2218
32.66,2166
32.66,2128
32.66,2123
32.66,2096
32.66,2003
32.66,1090
32.65,2738
32.65,2436
32.65,2141
32.65,2111
32.65,1682
32.65,1660
32.65,1488
32.65,1376
32.65,819
32.64,2554
32.64,2535
32.64,2418
32.64,2408
32.64,2393
32.64,2357
32.64,2269
32.64,1935
32.64,1299
32.63,2667
32.63,2620
32.63,2614
32.63,2506
32.63,2489
32.63,2427
32.63,2213
32.63,2120
32.63,1887
32.62,5929
32.62,4028
32.62,2746
32.62,2700
32.62,2375
32.62,2375
32.62,1802
32.62,1216
32.61,3020
32.61,2894
32.61,2218
32.61,2018
32.61,1932
32.61,1760
32.61,1757
32.6,2669
32.6,2515
32.6,2508
32.6,2381
32.6,2269
32.6,2226
32.6,2221
32.6,1508
32.6,1436
32.59,3221
32.59,3018
32.59,2982
32.59,2639
32.59,2552
32.59,2286
32.59,2200
32.59,2097
32.59,1573
32.59,1196
32.59,1020
32.59,792
32.58,4877
32.58,3295
32.58,3029
32.58,3026
32.58,2889
32.58,2630
32.58,2521
32.58,2425
32.58,2346
32.58,2170
32.58,2163
32.58,1861
32.58,1441
32.58,875
32.57,4366
32.57,2976
32.57,2510
32.57,2489
32.57,2414
32.57,1828
32.57,1741
32.57,1678
32.57,1462
32.57,1261
32.57,1146
32.56,2907
32.56,2766
32.56,2636
32.56,2510
32.56,2473
32.56,1928
32.56,1883
32.56,1867
32.56,1814
32.56,1626
32.56,1622
32.56,1503
32.55,3316
32.55,2876
32.55,2489
32.55,2232
32.55,2179
32.55,1908
32.55,1775
32.54,2934
32.54,2397
32.54,2040
32.54,1843
32.54,1786
32.54,1681
32.53,2648
32.53,2612
32.53,2598
32.53,2397
32.53,2272
32.53,2262
32.53,2153
32.53,2006
32.53,2002
32.53,1723
32.53,1669
32.53,1590
32.52,2875
32.52,1965
32.52,1521
32.52,862
32.51,3001
32.51,2979
32.51,2952
32.51,2584
32.51,2347
32.51,2142
32.51,2112
32.51,1919
32.5,3629
32.5,2862
32.5,2581
32.5,2421
32.5,2384
32.5,2210
32.5,1978
32.5,1900
32.5,1818
32.5,1799
32.5,1412
32.5,785
32.49,2817
32.49,2661
32.49,2652
32.49,2408
32.49,1822
32.49,1706
32.49,856
32.48,3032
32.48,2885
32.48,2382
32.48,2156
32.47,3911
32.47,3517
32.47,2677
32.47,2620
32.47,2056
32.47,2022
32.47,1632
32.47,1285
32.46,3873
32.46,2946
32.46,2916
32.46,2690
32.46,2583
32.46,2533
32.46,2516
32.46,2411
32.46,1657
32.46,682
32.45,3101
32.45,3008
32.45,2811
32.45,2704
32.45,2642
32.45,2581
32.45,2352
32.45,2333
32.45,2301
32.45,1946
32.45,1928
32.45,1829
32.45,1511
32.44,2745
32.44,2244
32.44,2149
32.44,2096
32.44,2046
32.44,1958
32.44,1915
32.44,1848
32.44,1554
32.43,2862
32.43,2710
32.43,2642
32.43,2623
32.43,2408
32.43,2213
32.43,2178
32.43,1927
32.43,1738
32.43,1645
32.42,4372
32.42,2772
32.42,2638
32.42,2556
32.42,2430
32.42,2428
32.42,2303
32.42,2179
32.42,2155
32.42,1925
32.42,1809
32.42,1773
32.42,1753
32.42,1411
32.42,1044
32.41,2816
32.41,2776
32.41,2705
32.41,2555
32.41,2054
32.41,1553
32.41,1485
32.41,1478
32.41,1203
32.4,2546
32.4,2524
32.4,2422
32.4,2280
32.4,1913
32.4,1731
32.4,1682
32.4,1563
32.39,3164
32.39,2834
32.39,2804
32.39,2662
32.39,2656
32.39,2409
32.39,2358
32.39,2210
32.39,2200
32.39,1988
32.39,1561
32.38,2971
32.38,2796
32.38,2205
32.38,1503
32.37,3101
32.37,2827
32.37,2006
32.37,2002
32.37,1545
32.37,1201
32.36,2449
32.36,2434
32.36,2350
32.36,2301
32.36,2235
32.36,1954
32.36,1368
32.36,1317
32.35,2984
32.35,1883
32.35,1855
32.35,1734
32.34,2814
32.34,2794
32.34,2298
32.34,2113
32.34,1949
32.34,1859
32.34,1208
32.34,820
32.33,2888
32.33,2786
32.33,2739
32.33,2641
32.33,2589
32.33,2380
32.33,2243
32.33,2079
32.33,1963
32.33,1600
32.33,1565
32.33,1533
32.33,1508
32.33,1395
32.33,1102
32.32,3157
32.32,2800
32.32,2535
32.32,2403
32.32,2371
32.32,2319
32.32,1895
32.32,1686
32.31,2501
32.31,2492
32.31,2462
32.31,2155
32.31,1961
32.31,1900
32.31,1800
32.31,795
32.3,2872
32.3,2511
32.3,2493
32.3,2142
32.3,2100
32.3,2073
32.3,1455
32.3,934
32.29,2636
32.29,2635
32.29,2593
32.29,2449
32.29,2179
32.29,1893
32.29,1812
32.29,1586
32.28,2794
32.28,2658
32.28,2061
32.28,1852
32.28,1708
32.28,1601
32.28,1508
32.28,1044
32.27,5599
32.27,3096
32.27,2970
32.27,2763
32.27,2569
32.27,2401
32.27,2142
32.27,1904
32.26,2636
32.26,2232
32.26,1802
32.26,1651
32.26,1507
32.26,1218
32.26,1053
32.25,2701
32.25,2333
32.25,2038
32.25,1961
32.25,1627
32.25,1552
32.25,1528
32.25,726
32.24,3674
32.24,3012
32.24,2887
32.24,2200
32.24,1751
32.24,1718
32.24,1633
32.24,1373
32.24,1306
32.24,1016
32.23,2470
32.23,2297
32.23,2263
32.23,2131
32.23,2022
32.23,901
32.22,2797
32.22,2729
32.22,2654
32.22,2199
32.22,2037
32.22,2017
32.22,1900
32.22,1875
32.22,1291
32.22,1135
32.21,4308
32.21,2458
32.21,2400
32.21,2245
32.21,1941
32.21,1714
32.21,1429
32.21,1113
32.2,2636
32.2,2544
32.2,2459
32.2,2445
32.2,2445
32.2,2086
32.2,1589
32.2,1288
32.2,1110
32.19,3090
32.19,2530
32.19,2476
32.19,1932
32.19,1853
32.19,1851
32.19,1717
32.19,1568
32.19,1261
32.19,889
32.19,545
32.19,313
32.18,2578
32.18,1810
32.18,1562
32.18,965
32.17,2377
32.17,1899
32.17,1720
32.17,1675
32.17,1428
32.17,1362
32.17,1352
32.16,2848
32.16,2552
32.16,2259
32.16,2055
32.16,2028
32.16,1810
32.16,1781
32.16,1709
32.16,1446
32.16,969
32.15,2787
32.15,2309
32.15,2141
32.15,2018
32.15,1701
32.15,1640
32.15,1587
32.15,1418
32.14,2922
32.14,2922
32.14,2540
32.14,2507
32.14,1966
32.14,1811
32.14,1807
32.14,1791
32.14,1750
32.14,1659
32.14,1466
32.14,1205
32.14,1200
32.13,2575
32.13,2477
32.13,2182
32.13,1912
32.13,1899
32.13,1867
32.13,1700
32.13,1658
32.13,1632
32.13,1582
32.13,1485
32.13,1446
32.13,1041
32.13,969
32.13,815
32.12,3361
32.12,2938
32.12,2754
32.12,2530
32.12,1983
32.12,1976
32.12,1812
32.12,1645
32.12,1338
32.12,1281
32.12,1032
32.12,761
32.11,2512
32.11,2003
32.11,1904
32.11,1894
32.11,1716
32.11,1664
32.11,1573
32.11,1562
32.11,1446
32.11,1389
32.11,1184
32.11,574
32.1,3316
32.1,2721
32.1,2666
32.1,2392
32.1,2235
32.1,1697
32.1,1167
32.09,4882
32.09,4022
32.09,2568
32.09,2055
32.09,1848
32.09,1691
32.09,1584
32.09,1518
32.09,1302
32.09,1036
32.08,2177
32.08,2150
32.08,1650
32.08,796
32.08,588
32.08,506
32.07,2993
32.07,2626
32.07,2200
32.07,2144
32.07,1923
32.07,1877
32.07,1571
32.06,3465
32.06,2672
32.06,2547
32.06,2502
32.06,2355
32.06,1786
32.06,1620
32.06,1614
32.06,1585
32.06,1258
32.05,2312
32.05,2222
32.05,2149
32.05,2029
32.05,2027
32.05,1557
32.05,1350
32.05,1235
32.05,693
32.04,2675
32.04,1756
32.04,1687
32.04,1505
32.03,2382
32.03,2054
32.03,1983
32.03,1920
32.03,1623
32.03,1575
32.03,1142
32.02,2867
32.02,2595
32.02,2492
32.02,2257
32.02,2036
32.02,1954
32.02,1632
32.02,1271
32.02,941
32.01,2856
32.01,2042
32.01,1452
32.01,1423
32.01,1158
32.01,1120
32,1939
32,1807
32,1752
32,1320
32,918
32,891
32,781
31.99,3213
31.99,2851
31.99,2638
31.99,2290
31.99,2280
31.99,2031
31.99,1998
31.99,1627
31.99,1420
31.99,308
31.98,2291
31.98,2085
31.98,1442
31.98,1184
31.97,2037
31.97,1680
31.97,1638
31.97,1297
31.97,92
31.96,2762
31.96,2582
31.96,2247
31.96,1931
31.96,1859
31.96,1772
31.96,1761
31.96,1362
31.96,1183
31.96,1113
31.96,879
31.95,1808
31.95,1777
31.95,1718
31.95,1694
31.95,1563
31.95,1477
31.95,1185
31.94,2647
31.94,2566
31.94,2286
31.94,2054
31.94,1950
31.94,1855
31.94,1294
31.94,656
31.93,2833
31.93,2360
31.93,2327
31.93,2086
31.93,2049
31.93,1901
31.93,1896
31.93,1783
31.93,1571
31.93,1561
31.93,1555
31.93,1546
31.93,1490
31.93,1468
31.93,1380
31.93,1308
31.93,1248
31.93,1098
31.93,1096
31.92,2280
31.92,2202
31.92,2094
31.92,1165
31.91,2420
31.91,2406
31.91,2271
31.91,2247
31.91,1835
31.91,1460
31.91,1151
31.9,2634
31.9,2004
31.9,1514
31.9,1197
31.9,-209
31.89,2178
31.89,1607
31.89,1527
31.89,1465
31.89,1366
31.89,1275
31.89,886
31.89,688
31.88,2647
31.88,2410
31.88,2080
31.88,1556
31.88,1436
31.88,1372
31.88,202
31.87,2785
31.87,2313
31.87,2184
31.87,2178
31.87,1742
31.87,1615
31.87,1573
31.87,1502
31.87,1494
31.87,1289
31.86,2767
31.86,2635
31.86,2532
31.86,2390
31.86,1997
31.86,1863
31.86,1804
31.86,1445
31.86,1030
31.85,2120
31.85,1714
31.85,1692
31.85,1191
31.85,1165
31.85,1144
31.85,1069
31.84,3366
31.84,2340
31.84,2282
31.84,2119
31.84,1924
31.84,1830
31.84,1818
31.84,1787
31.84,1716
31.84,1350
31.84,1235
31.84,1202
31.84,986
31.84,974
31.84,923
31.84,385
31.83,3171
31.83,2442
31.83,2053
31.83,1863
31.83,1658
31.83,1318
31.83,767
31.82,2806
31.82,2728
31.82,2709
31.82,1843
31.82,1675
31.82,1631
31.82,1604
31.82,1430
31.81,1431
31.81,1272
31.81,1148
31.81,1047
31.81,575
31.8,2501
31.8,2271
31.8,2242
31.8,1827
31.8,1736
31.8,1718
31.8,1573
31.8,1500
31.8,1127
31.8,926
31.79,2611
31.79,2404
31.79,2357
31.79,2042
31.79,1722
31.79,1466
31.79,1379
31.78,2613
31.78,2233
31.78,2049
31.78,2002
31.78,1990
31.78,1866
31.78,1444
31.78,1416
31.78,1144
31.78,772
31.78,681
31.77,2502
31.77,2004
31.77,1678
31.77,1600
31.77,1500
31.77,1435
31.77,1053
31.77,921
31.77,862
31.76,1961
31.76,1661
31.75,2963
31.75,2256
31.75,1868
31.75,1241
31.74,2207
31.74,1400
31.73,2254
31.73,1469
31.73,1254
31.73,1209
31.73,1142
31.73,1061
31.73,1044
31.73,1002
31.72,2211
31.72,1892
31.72,1507
31.72,1490
31.72,757
31.71,1788
31.71,1615
31.71,1504
31.71,1485
31.71,1228
31.71,993
31.71,922
31.7,2239
31.7,1638
31.7,1533
31.7,1343
31.7,1141
31.7,953
31.7,953
31.69,2159
31.69,1659
31.69,1396
31.69,1378
31.69,792
31.68,3478
31.68,2734
31.68,2484
31.68,2096
31.68,1682
31.68,1605
31.68,1584
31.68,1562
31.68,1426
31.68,1333
31.67,2757
31.67,2570
31.67,2453
31.67,2076
31.67,1936
31.67,1398
31.67,1223
31.67,1092
31.67,1086
31.67,1040
31.67,873
31.66,2180
31.66,2045
31.66,1474
31.66,1395
31.66,1143
31.66,997
31.66,953
31.65,1688
31.65,1588
31.65,1442
31.65,1286
31.65,1237
31.65,1104
31.65,977
31.65,976
31.64,1728
31.64,1633
31.64,1619
31.64,1152
31.64,932
31.63,2663
31.63,2246
31.63,1825
31.63,1305
31.63,1245
31.63,1227
31.62,1577
31.62,1567
31.62,1084
31.62,1080
31.62,849
31.61,2415
31.61,1369
31.61,1160
31.61,798
31.6,1818
31.6,1797
31.6,1748
31.6,1645
31.6,1622
31.6,1598
31.6,1477
31.6,1472
31.6,1462
31.6,1359
31.6,1194
31.59,2194
31.59,1885
31.59,1840
31.59,1740
31.59,1711
31.59,1670
31.59,1621
31.59,1608
31.59,1436
31.59,1260
31.58,1461
31.58,1357
31.58,1314
31.57,2612
31.57,1519
31.57,1503
31.57,1412
31.57,1092
31.57,1075
31.57,1026
31.56,2186
31.56,1815
31.56,1710
31.56,1516
31.56,1358
31.56,1302
31.56,1233
31.56,1228
31.56,1103
31.56,1082
31.56,608
31.55,1764
31.55,1670
31.55,1662
31.55,1575
31.55,1513
31.55,1330
31.55,1193
31.55,1152
31.55,1041
31.55,1022
31.55,945
31.55,905
31.55,80
31.54,2645
31.54,1736
31.54,1597
31.54,1541
31.54,1305
31.54,1071
31.54,1005
31.54,848
31.53,2227
31.53,1815
31.53,1787
31.53,1683
31.53,1324
31.53,1274
31.53,1002
31.52,2008
31.52,1981
31.52,1862
31.52,1761
31.52,1753
31.52,1628
31.52,1526
31.52,1357
31.52,1232
31.52,1096
31.52,887
31.52,860
31.52,772
31.52,769
31.51,2016
31.51,1935
31.51,1860
31.51,1822
31.51,1682
31.51,1573
31.51,1369
31.51,1343
31.51,1257
31.51,933
31.5,2261
31.5,2206
31.5,2010
31.5,1885
31.5,1493
31.5,1466
31.5,1298
31.5,1250
31.5,1178
31.5,1159
31.49,1868
31.49,1765
31.49,1634
31.49,1457
31.49,1414
31.49,1414
31.49,1260
31.49,1236
31.49,1178
31.49,1114
31.49,1082
31.49,994
31.49,685
31.49,663
31.48,2698
31.48,2157
31.48,1988
31.48,1608
31.48,1487
31.48,1362
31.48,1281
31.48,1143
31.48,975
31.48,948
31.48,695
31.48,181
31.48,172
31.47,1784
31.47,1212
31.47,1176
31.47,1046
31.47,867
31.47,627
31.47,-195
31.46,3038
31.46,1935
31.46,913
31.46,868
31.46,855
31.46,813
31.45,2271
31.45,1752
31.45,1534
31.45,1346
31.45,1337
31.45,1214
31.45,1166
31.45,1070
31.44,1850
31.44,1650
31.44,1646
31.44,1598
31.44,1408
31.44,1235
31.44,1173
31.44,1165
31.44,1063
31.44,926
31.44,848
31.43,1787
31.43,1539
31.43,1310
31.43,1204
31.43,1005
31.43,621
31.43,292
31.42,3055
31.42,2251
31.42,2011
31.42,1476
31.42,1083
31.42,1072
31.42,1004
31.41,2618
31.41,1696
31.41,1677
31.41,1560
31.41,1526
31.41,1464
31.41,1449
31.41,1299
31.41,1263
31.41,1224
31.41,1198
31.41,1138
31.41,900
31.41,849
31.41,827
31.4,2519
31.4,2415
31.4,1844
31.4,1213
31.4,1023
31.39,2182
31.39,1752
31.39,1676
31.39,1486
31.39,1362
31.39,1320
31.39,1235
31.39,1202
31.39,1185
31.39,1159
31.39,964
31.38,2779
31.38,1715
31.38,1680
31.38,1648
31.38,1154
31.38,643
31.37,1488
31.37,1389
31.37,1274
31.37,977
31.37,877
31.36,2818
31.36,2346
31.36,1828
31.36,1553
31.36,1448
31.36,1083
31.36,1040
31.35,2657
31.35,2082
31.35,1376
31.35,1065
31.34,1711
31.34,1508
31.34,1293
31.34,1218
31.34,1062
31.34,1035
31.34,1024
31.34,1003
31.34,928
31.34,853
31.34,808
31.34,622
31.33,2316
31.33,2023
31.33,1605
31.33,1472
31.33,1261
31.33,1138
31.32,1828
31.32,1753
31.32,1046
31.32,801
31.32,529
31.32,458
31.31,2508
31.31,1907
31.31,1216
31.31,1194
31.31,1019
31.31,1009
31.31,978
31.31,919
31.31,859
31.3,2614
31.3,1732
31.3,1701
31.3,1374
31.3,1051
31.3,1049
31.3,1016
31.3,976
31.29,4208
31.29,1472
31.29,1396
31.29,1301
31.29,1025
31.29,862
31.29,780
31.29,704
31.28,4791
31.28,1697
31.28,1686
31.28,1567
31.28,1205
31.28,716
31.28,538
31.28,285
31.28,-37
31.27,2014
31.27,1777
31.27,1470
31.27,1054
31.27,961
31.27,205
31.26,6050
31.26,2070
31.26,1896
31.26,1717
31.26,1540
31.26,1466
31.26,1362
31.26,1015
31.26,957
31.26,797
31.25,2824
31.25,1566
31.25,1539
31.25,1328
31.25,484
31.24,1789
31.24,1519
31.24,1252
31.24,1241
31.24,765
31.24,682
31.24,-241
31.23,1666
31.23,1614
31.23,1421
31.23,1368
31.23,1174
31.23,1100
31.22,2584
31.22,1637
31.22,1608
31.22,1532
31.22,1469
31.22,1458
31.22,1390
31.22,1311
31.22,1283
31.22,885
31.21,4730
31.21,3039
31.21,2397
31.21,1837
31.21,1598
31.21,1216
31.21,1014
31.21,697
31.2,3179
31.2,2460
31.2,2243
31.2,1905
31.2,1769
31.2,1336
31.2,1289
31.2,-270
31.2,-342
31.19,2589
31.19,1582
31.19,1516
31.19,1362
31.19,670
31.18,2268
31.18,1114
31.18,1108
31.18,870
31.18,818
31.18,798
31.18,638
31.18,527
31.17,2393
31.17,1753
31.17,1726
31.17,1513
31.17,1340
31.17,1287
31.17,1249
31.17,1213
31.17,1033
31.17,700
31.16,1669
31.16,1513
31.16,1284
31.16,1176
31.16,1144
31.16,1059
31.16,714
31.16,651
31.15,2018
31.15,1422
31.15,1377
31.15,1031
31.15,1002
31.14,1841
31.14,1808
31.14,1779
31.14,1679
31.14,1621
31.14,1617
31.14,1318
31.14,1293
31.14,973
31.14,912
31.14,744
31.14,-142
31.13,2141
31.13,1803
31.13,1374
31.13,1336
31.13,1045
31.13,1004
31.13,818
31.13,732
31.12,1680
31.12,1674
31.12,1568
31.12,1456
31.12,1285
31.12,1230
31.12,855
31.12,676
31.12,519
31.12,391
31.11,1514
31.11,1468
31.11,1312
31.11,1078
31.11,1005
31.11,966
31.11,950
31.11,909
31.11,845
31.11,744
31.1,2012
31.1,1885
31.1,1776
31.1,1489
31.1,1451
31.1,1278
31.1,1157
31.1,949
31.1,911
31.1,819
31.09,1563
31.09,1356
31.09,1222
31.09,1113
31.09,1012
31.09,893
31.09,750
31.09,606
31.09,189
31.08,1915
31.08,1456
31.08,1309
31.08,961
31.08,916
31.07,1949
31.07,1813
31.07,1674
31.07,1582
31.07,924
31.07,845
31.07,772
31.07,672
31.06,1546
31.06,1216
31.06,768
31.06,625
31.06,541
31.06,256
31.05,1670
31.05,1169
31.05,1077
31.05,1046
31.05,1039
31.05,941
31.05,843
31.05,614
31.04,2215
31.04,1566
31.04,1535
31.04,1323
31.04,1267
31.04,913
31.03,1917
31.03,1669
31.03,1437
31.03,1150
31.03,994
31.02,1927
31.02,1754
31.02,1713
31.02,1324
31.02,1272
31.02,1117
31.01,2308
31.01,1776
31.01,1625
31.01,1596
31.01,1528
31.01,1448
31.01,1425
31.01,1340
31.01,1090
31.01,1024
31.01,576
31,3082
31,2346
31,1860
31,1429
31,1137
31,770
31,538
31,387
31,157
31,-159
30.99,1603
30.99,1479
30.99,660
30.99,381
30.98,1655
30.98,1360
30.98,1198
30.98,1005
30.98,916
30.98,861
30.98,841
30.98,592
30.98,273
30.97,1963
30.97,1315
30.97,1215
30.97,1120
30.97,1079
30.97,925
30.97,762
30.97,655
30.97,438
30.96,1538
30.96,1278
30.96,1264
30.96,1149
30.96,987
30.96,933
30.96,701
30.96,218
30.95,1852
30.95,1407
30.95,808
30.95,278
30.94,1549
30.94,1492
30.94,1441
30.94,1012
30.93,1562
30.93,1398
30.93,1162
30.93,515
30.93,507
30.93,232
30.92,1317
30.92,1317
30.92,1256
30.92,359
30.92,237
30.91,1559
30.91,1541
30.91,1241
30.91,901
30.9,2200
30.9,1940
30.9,1335
30.9,1129
30.9,745
30.9,469
30.89,1285
30.89,1029
30.89,911
30.89,844
30.89,58
30.89,41
30.88,1195
30.88,1094
30.88,873
30.88,831
30.88,778
30.88,758
30.87,1898
30.87,1371
30.87,1128
30.86,1629
30.86,1243
30.86,1204
30.86,1046
30.86,825
30.86,495
30.85,1605
30.85,1397
30.85,1225
30.85,927
30.84,1569
30.84,1188
30.84,1141
30.84,952
30.84,925
30.84,815
30.84,389
30.83,1841
30.83,1614
30.83,1388
30.83,1194
30.83,979
30.83,907
30.83,586
30.82,1651
30.82,1433
30.82,1164
30.82,1092
30.82,882
30.82,793
30.81,2258
30.81,1946
30.81,1724
30.81,1506
30.81,1031
30.81,905
30.81,763
30.8,1493
30.8,1312
30.8,1294
30.8,1226
30.8,1204
30.8,879
30.8,821
30.79,1687
30.79,1665
30.79,1213
30.78,1159
30.78,1076
30.78,982
30.77,1288
30.77,1014
30.76,1204
30.76,840
30.75,2381
30.75,1654
30.75,1222
30.75,848
30.75,-216
30.74,1512
30.74,939
30.74,848
30.73,2292
30.73,1470
30.73,1385
30.73,1332
30.73,1258
30.73,1218
30.73,1124
30.73,995
30.73,770
30.73,682
30.73,574
30.72,1579
30.72,954
30.71,1000
30.7,1506
30.7,1449
30.7,864
30.7,773
30.7,713
30.7,76
30.69,1939
30.69,1306
30.69,931
30.69,899
30.69,490
30.68,1389
30.68,1354
30.68,920
30.68,647
30.67,1015
30.66,1351
30.66,1259
30.66,1122
30.65,1212
30.65,1036
30.64,6056
30.64,1425
30.64,912
30.64,908
30.64,796
30.63,1500
30.62,1471
30.62,1399
30.62,694
30.59,938
30.58,2420
30.58,2078
30.58,1393
30.58,708
30.58,593
30.57,996
30.57,934
30.56,1197
30.56,1192
30.55,3146
30.55,2628
30.55,2355
30.55,1634
30.55,717
30.55,578
30.55,-7
30.54,-486
30.53,1149
30.53,864
30.53,461
30.52,783
30.52,747
30.52,587
30.52,-170
30.51,1244
30.5,1314
30.5,890
30.49,1598
30.49,1140
30.48,2248
30.48,1119
30.48,846
30.47,970
30.47,958
30.47,891
30.47,669
30.47,665
30.47,181
30.46,1527
30.46,1154
30.45,1508
30.45,1484
30.45,887
30.45,826
30.44,1374
30.44,1142
30.44,1042
30.44,918
30.43,2959
30.43,2147
30.43,1616
30.43,750
30.42,1111
30.41,1222
30.41,1208
30.41,1043
30.41,929
30.41,638
30.4,1874
30.4,746
30.39,1688
30.39,1504
30.39,1249
30.39,1128
30.39,620
30.39,606
30.37,1417
30.37,876
30.37,-267
30.36,1056
30.36,-70
30.35,3475
30.35,1824
30.35,1482
30.35,1297
30.35,886
30.35,576
30.34,1059
30.34,814
30.33,979
30.33,738
30.33,597
30.33,366
30.32,-218
30.31,1568
30.31,940
30.31,743
30.3,1555
30.3,1148
30.3,1057
30.3,1042
30.3,637
30.3,435
30.29,1035
30.29,918
30.28,1022
30.27,1468
30.27,812
30.27,734
30.27,457
30.26,786
30.26,598
30.26,45
30.25,921
30.25,750
30.25,749
30.25,444
30.24,2236
30.24,2155
30.24,1628
30.23,1944
30.23,1184
30.23,404
30.22,1376
30.22,1347
30.2,866
30.2,746
30.2,732
30.2,608
30.19,759
30.18,1072
30.18,964
30.17,929
30.17,764
30.16,1060
30.16,821
30.16,724
30.16,611
30.15,997
30.15,813
30.15,803
30.14,483
30.14,426
30.13,629
30.11,956
30.11,734
30.11,726
30.11,624
30.11,346
30.1,1039
30.1,813
30.09,590
30.09,573
30.09,502
30.08,360
30.07,747
30.07,711
30.06,1374
30.06,408
30.05,899
30.04,1434
30.04,834
30.04,774
30.03,756
30.02,1577
30.02,1149
30.02,656
30.01,1234
30,1400
30,104
29.99,892
29.99,873
29.98,2604
29.98,1520
29.98,677
29.97,662
29.97,660
29.97,539
29.97,395
29.96,767
29.96,534
29.95,792
29.95,594
29.94,679
29.94,482
29.93,1560
29.93,1242
29.93,703
29.92,1085
29.92,1049
29.92,698
29.92,582
29.92,478
29.91,228
29.91,226
29.9,761
29.9,611
29.89,1255
29.89,1073
29.89,799
29.89,543
29.88,2177
29.88,681
29.87,1522
29.87,467
29.86,611
29.86,564
29.86,426
29.86,385
29.85,481
29.85,475
29.84,1252
29.83,2027
29.83,758
29.83,640
29.83,488
29.82,2023
29.82,665
29.82,632
29.82,429
29.8,852
29.8,758
29.78,727
29.78,596
29.78,574
29.76,698
29.75,963
29.75,528
29.74,465
29.74,454
29.73,396
29.71,1820
29.71,1226
29.71,500
29.7,744
29.69,486
29.69,465
29.68,6048
29.67,968
29.67,593
29.67,548
29.66,1235
29.66,458
29.65,1628
29.65,1095
29.65,780
29.65,579
29.65,456
29.64,688
29.64,434
29.64,345
29.62,1157
29.62,1037
29.62,549
29.62,467
29.6,928
29.6,652
29.59,1887
29.59,885
29.58,644
29.56,925
29.56,180
29.54,1970
29.53,914
29.53,678
29.52,673
29.51,190
29.5,1692
29.48,882
29.48,244
29.48,241
29.47,478
29.46,826
29.46,444
29.45,1008
29.44,3174
29.43,207
29.42,446
29.42,433
29.41,514
29.4,560
29.39,1198
29.39,791
29.36,404
29.35,803
29.35,439
29.34,1626
29.34,834
29.34,630
29.33,636
29.32,574
29.31,595
29.31,515
29.31,328
29.3,258
29.29,545
29.27,816
29.27,457
29.27,440
29.27,416
29.26,481
29.26,356
29.25,868
29.24,543
29.23,842
29.23,506
29.23,436
29.22,1557
29.21,668
29.21,488
29.21,470
29.2,622
29.2,501
29.2,454
29.19,469
29.19,319
29.18,376
29.17,1197
29.17,374
29.15,586
29.15,435
29.14,788
29.14,342
29.14,272
29.13,530
29.13,392
29.11,490
29.1,550
29.09,1294
29.09,478
29.09,278
29.08,485
29.07,550
29.07,386
29.06,750
29.05,405
29.05,286
29.04,185
29.03,1180
29.03,217
29.01,309
29,2978
29,462
29,304
29,66
28.99,238
28.98,473
28.95,491
28.94,1329
28.94,493
28.92,399
28.92,372
28.9,498
28.89,454
28.89,275
28.88,493
28.85,449
28.84,484
28.83,434
28.82,355
28.82,302
28.8,1638
28.79,1660
28.79,445
28.79,374
28.79,346
28.76,440
28.75,450
28.74,509
28.74,323
28.72,424
28.72,256
28.71,570
28.71,483
28.7,340
28.69,423
28.69,379
28.68,452
28.68,180
28.67,455
28.67,442
28.66,253
28.65,303
28.64,357
28.63,366
28.63,359
28.62,295
28.61,345
28.61,273
28.6,665
28.59,428
28.57,282
28.56,550
28.53,369
28.52,280
28.49,341
28.49,259
28.48,246
28.46,374
28.46,242
28.45,395
28.45,377
28.44,1758
28.44,344
28.43,358
28.42,402
28.42,162
28.41,273
28.4,301
28.39,349
28.39,334
28.37,322
28.37,98
28.35,460
28.34,334
28.34,230
28.33,316
28.33,229
28.32,1034
28.32,178
28.32,39
28.3,396
28.3,318
28.3,309
28.3,248
28.29,297
28.29,239
28.27,330
28.26,373
28.24,453
28.24,349
28.22,399
28.22,348
28.22,123
28.21,926
28.21,366
28.21,282
28.2,362
28.2,275
28.19,451
28.19,272
28.18,352
28.18,324
28.17,302
28.17,158
28.16,301
28.16,262
28.15,256
28.14,2370
28.13,303
28.13,270
28.13,242
28.13,-80
28.12,1356
28.12,267
28.12,247
28.09,376
28.03,383
28.03,230
28.02,254
28.01,316
28.01,153
28,79
27.99,575
27.97,278
27.97,171
27.95,1019
27.95,66
27.93,160
27.93,98
27.92,315
27.92,207
27.92,44
27.91,189
27.89,357
27.87,615
27.87,480
27.87,227
27.87,-34
27.86,227
27.86,88
27.86,-24
27.85,277
27.85,173
27.84,244
27.83,391
27.83,161
27.82,322
27.81,-29
27.8,318
27.79,340
27.79,255
27.79,245
27.79,119
27.79,98
27.78,69
27.77,1220
27.77,107
27.75,50
27.73,264
27.71,205
27.71,160
27.7,386
27.7,270
27.7,173
27.69,221
27.68,274
27.68,226
27.68,223
27.68,172
27.66,396
27.66,158
27.65,227
27.64,207
27.62,308
27.62,248
27.61,206
27.59,425
27.58,262
27.58,209
27.56,81
27.55,292
27.55,267
27.53,418
27.53,314
27.53,237
27.53,214
27.53,34
27.53,18
27.52,191
27.49,568
27.47,276
27.39,368
27.38,183
27.38,106
27.37,313
27.37,213
27.37,105
27.26,179
27.25,258
27.24,257
27.23,407
27.12,269
27.1,258
27.08,911
27.08,250
27.07,168
27.03,196
27.03,63
26.86,242
26.8,195
26.75,124
26.74,74
26.69,330
26.63,157
26.62,98
26.61,186
26.53,122
26.48,134
26.46,83
26.45,69
26.44,29
26.42,95
26.19,713
26.15,208
26.12,142
26.08,180
25.79,168
25.68,14
25.59,163
25.59,-135
25.56,193
25.56,164
25.56,150
25.17,7
24.94,-26
24.94,-54
24.92,-19
24.83,68
24.82,99
24.75,-19
24.71,-48
24.66,3
24.62,-24
24.62,-393
24.61,-164
24.6,-355
24.57,-96
24.57,-96
24.53,-155
24.52,-62
24.5,81
24.5,-22
24.5,-147
24.49,-216
24.47,-17
24.46,-169
24.45,-24
24.45,-181
24.43,-33
24.42,-152
24.4,16
24.39,-153
24.39,-223
24.37,-326
24.36,-85
24.35,-68
24.33,-171
24.33,-297
24.32,-13
24.32,-204
24.27,-112
24.25,-4
24.17,48
24.11,-17
24.1,-120
24.05,8
24.02,-43
24,-194
23.99,-164
23.49,-211
23.32,44
23.2,-142
23.09,-58
22.11,175
21.83,32
21.65,69
21.3,-75
21.25,59
21.1,0
21,-95
20.96,10
20.86,-56
20.8,145
20.64,130
20.4,-186
20.16,13
19.95,-7
19.71,74
19.63,76
19.6,-27
19.53,-101
19.29,-92
19.1,109
18.97,21
18.8,-205
18.51,90
18.35,240
18.15,82
18.11,35
18.1,-116
17.73,42
17.5,-33
17.45,-91
17.4,-258
17.11,171
17.1,169
16.8,114
16.13,36
15.52,-55
13.58,213
